asdasdas,
asdasdasd,
adasdasdasd,
ddddddd,Indonesia
CCCCCCCCcccc,taiwan
Macho Man,Indonesia
Merah Darah ku,Indonesia
Putih tulang ku,Indonesia
Merah darah ku,Indonesia
Player 1,
L_Z_N,Indonesia
Player uno,
Pace Papua,Indonesia
Katy Perry,
Taufik_Rhex,Indonesia
Wakakaka,Indonesia
Ming Ming,Indonesia
PeachSkye,Indonesia
Clone_K,Thailand
Julleus,
Mishima Thug,
GarnetComp,Indonesia
Jadey_182,
raijin_wrath,Thailand
Jangchoun,Indonesia
Jangchoon,Indonesia
Dentgea,Malaysia
Chakrit,
lazypotato,Indonesia
aknott,
save by queen valie,Indonesia
biransei,Indonesia
H.,
the Genetic Outcast,
hide771,
loll,
kelvin2teo,
Jujur & Berani,Indonesia
Ubebe,Indonesia
Bobo112,Thailand
The End of Evangelion,Indonesia
AnnaMolly,
Nemesis,
Kejedot Dindsing,Indonesia
fakhry adly,
Anti 3 Bar,Indonesia
DSHA,
OSHA,
RezaSungkar8PSN,
Ikstev,PH
JzBlade,
Digger nick,
PMA,
Wolfmanbell,Thailand
SystemOG,
Sourotoko,Indonesia
nurpokpok,Indonesia
eclipse,Indonesia
Rem & Katsura Fighting Firms Co. ,Indonesia
ShinJin,
COmmander,
..,
mad-,
TK_Isada,
lan94,Singapore
Mickey Minnie and Goofy,
Ivon,
Kudramkill,
DarkShado no13,TH
Shin,Singapore
GeneralGoods,
Hadron,
Canka,Indonesia
Kurie,
Vendread,
Khrys,
Darkshadow_KS,
Pick Proper Hero Thanks,
Xilit 47,
Kudram,
Mikasa Ackerman,
Rikkael,
Dah,
Main Character Nina Trash,
Uehara Ai,Indonesia
Assassin24,
SHAHRK,
PoreVengeance,
Lim Chu Kang Void Deck,
SbyRazor,
HotPheres,
Darkness Hides Secret,
One Day I walk into the Forest,
Ieenie Xim,
Jeanie Xim,
Edelgard,Indonesia
Definitely Not Heihachi,Brunei
Falbere,
Drivals,Indonesia
Ido,Indonesia
SteveFaux,
Octara Pribadi,Indonesia
Zaga,
HensonC,
SongXD,
Darmawan,Indonesia
Erufan,Indonesia
Naruto,Indonesia
Cap SodaPop,Indonesia
Owen,Indonesia
Lampmaker,
Teman ku,Indonesia
Beginner,
Breadsnbuns,
Wathrowmon,
AnN1n,
Arta,Indonesia
Hendra,Indonesia
Indomiegoreng,
Indomiegorengsaurus,Indonesia
Indomigorengsaurus,Indonesia
Damokles,
Ripppp,
Smaash,
Betchas,
Zridx_Assasin,Indonesia
Zridx_Assassin,
Johnny Bravo,
Rage Law (Jonny),Indonesia
Rage Law (Higashi3x),
M_Wangtong,
Raiden,
Alip,oh b
E Arif Medan,Indonesia
El-Rapier,Indonesia
Shin Akuma,
MunMun,
Wing,
Patman,
EUT,
expreSSSeven,
RTM,Indonesia
Imphoten,
Nocturne,Indonesia
Gandum,Indonesia
FabolousBeb,
Pace Palu,
Onad,Indonesia
Paja,
Oops,
ICMA,Indonesia
PUSSY,Indonesia
Shi,
Cleoman,
Teletubbies,
Mvp,
Shadowwer,
Lionart,Indonesia
Rudy Cen,Indonesia
Kuuga,
Hentai Razer,
Reinscape,
Bon????,
CallmeBilbo,Indonesia
Sick Beats,
Oblivion,
Nameless,
Leo is Grill,
Xin,
Stephen Greg,
KaptenBantet,
Win,
Jovian,Indonesia
Ya Vi Plotad,
Yadix,Indonesia
Jin xx,
??,
Lise,
NubyNewbie,
RG1 aka Sugianto,Indonesia
tuanalvin88,
SkiMaskTheHumpGod,
Bloodbath,Indonesia
Rapuspus,Indonesia
JuliantoPro45,Indonesia
CyberFox,Thailand
Teddy Gunawan,Indonesia
Ezio,
BasedKira,
Mina,
Hendy439,Indonesia
DumDum,Indonesia
BocahRA (Yadix),Indonesia
Kabilasa,
Power Crush (Rudy Cen),Indonesia
raditya Hartanto,
Baroto,Indonesia
Hexagonalcat,
Thanoss,Indonesia
Sisipasi,
Rom,
Pan,
Trollmitsu,
DangerSalt,
enobynnuf,
Becky Lynch,Thailand
Solidus DUck,Indonesia
Ruka Furie,Indonesia
bin bash,
Radit,
Kids,
DiffyNell,
DiffyNell|Youtube,
Sori4PartyRocking,
Lazt,
bagus_jordan,
Xenomous,Indonesia
Boplek,
Piri,
Zer,
Chokemaster2,
art003jdai,
Sailor Chibi Moon,
PO2Ball,
Ar'Fear,Indonesia
Chev,
Dozi,
RipeDog,
Handshake,
Thamrin,
Subscribe to Pewdiepie,
taunt alt f4,
Ultimatia,
||kok||,
Ojiro,
Guidev,
FatWeeb,
Nomad2805,
SkyHigh,
Goose,
Currents,
Kido97,
Rebirth,
Hanigen,
MorningStan,
Mr Wangtong,
lil soap,
TCP Impong,
O.Avn,
?,
Ringo,
Monkey,
watakoro,
Ultraboy,
2easy,
Zefakyo,
Axeller8,
Mr Raindrop,Indonesia
Gemmy,
Olizabeth Elson,Indonesia
Alreesta,Indonesia
BabyZeeD666,
RTM (Arta),Indonesia
Sync,
Orange,
Deadly Fart,
JustPlay,
Yuyuleow,
Freecell,
E-BAY,
Dante,
Lee_yo,Indonesia
Maskman,Indonesia
.....,
LOL,
Lion's Sin,
N20,
MaxCybere,
ngwndenAWS,
Sonkuma,
MorniingStar,
Mamaji Selo,
Tjhi Hendra,Indonesia
Arif Tmmi,Indonesia
Phenomenan,
Yo,
Hoes Mad,
Mystogan,
Cupui,Indonesia
N008g4m3r,
Rossioti,
Polar Duck,
Loucent,
Mba Jennie,
Murmaider,
Fedora,
Odin A romado,
THO,
Cyes,
Daviero10,Indonesia
Akira,
Bob the Builder,
Paleking0032,
Priest_killer38,
almightia,
Dear David,
Sunopan (Zaim),Indonesia
RiverNilehk,
Silibidiw,
DevidPerdana,
Wild Endiku,
Kiro Haro,
Yameteh Senpai,
IceBub,
Garasi Gamer MKW,
Paleking0032 (KevinJoshua),Indonesia
Pricefield,
#fxcoff,
Needpractice,
Robert Gembel,Indonesia
Dotan,
Epson,
Ninja Boy (Indomiegoreng),Indonesia
Protecc,
AppoiJuicez,
Podz,Indonesia
Kutzhi,
CheyWi,
asd,Indonesia
tes2,Indonesia
zssd,Indonesia
qwasd,Indonesia
Drivals|Retardo,Indonesia
Drivals|Jackbosstin,Indonesia
DrivalsX|Shiinichum,Indonesia
DrivalsX|Shiinichum 20 oktober 2020,Indonesia
Drivals|Retardololololol,Indonesia
DrivalsX | Shiinichanasd,
DRivals bersatu ,
DRivals bersatu hore,
DRivals bersatu hore jir,
asu,
wewewewewewewew,Indonesia
qweasdiop890,Indonesia
q,Indonesia
D,
Q,Indonesia
DRivals bersatu hore 1402,
QWEASDIOP890,
DRivals bersatu hore JIR,
DRivals bersatu hore 140,
DRivals bersatu hore 1401,
TANG INA BOBO GAGO,
DRIVALS BERSATU HORE ,
A ,
T,
RETARDO,
RETARDOG,
LOREM IPSUM Dolor,
LOREM IPSUM Dolor sit,
consectetur adipisicing elit,
consectetur adipisicing,
